Kota,Kecamatan,Kelurahan
Jakarta Pusat,Gambir,Cideng
Jakarta Pusat,Gambir,Duri Pulo
Jakarta Pusat,Gambir,Gambir
Jakarta Pusat,Gambir,Kebon Kelapa
Jakarta Pusat,Gambir,Petojo Selatan
Jakarta Pusat,Gambir,Petojo Utara
Jakarta Pusat,Sawah Besar,Gunung Sahari Utara
Jakarta Pusat,Sawah Besar,Karang Anyar
Jakarta Pusat,Sawah Besar,Kartini
Jakarta Pusat,Sawah Besar,Mangga Dua Selatan
Jakarta Pusat,Sawah Besar,Pasar Baru
Jakarta Pusat,Kemayoran,Cempaka Baru
Jakarta Pusat,Kemayoran,Gunung Sahari Selatan
Jakarta Pusat,Kemayoran,Harapan Mulia
Jakarta Pusat,Kemayoran,Kebon Kosong
Jakarta Pusat,Kemayoran,Kemayoran
Jakarta Pusat,Kemayoran,Serdang
Jakarta Pusat,Kemayoran,Sumur Batu
Jakarta Pusat,Kemayoran,Utan Panjang
Jakarta Pusat,Senen,Bungur
Jakarta Pusat,Senen,Kenari
Jakarta Pusat,Senen,Kramat
Jakarta Pusat,Senen,Kwitang
Jakarta Pusat,Senen,Paseban
Jakarta Pusat,Senen,Senen
Jakarta Pusat,Cempaka Putih,Cempaka Putih Barat
Jakarta Pusat,Cempaka Putih,Cempaka Putih Timur
Jakarta Pusat,Cempaka Putih,Rawasari
Jakarta Pusat,Menteng,Cikini
Jakarta Pusat,Menteng,Gondangdia
Jakarta Pusat,Menteng,Kebon Sirih
Jakarta Pusat,Menteng,Menteng
Jakarta Pusat,Menteng,Pegangsaan
Jakarta Pusat,Tanah Abang,Bendungan Hilir
Jakarta Pusat,Tanah Abang,Gelora
Jakarta Pusat,Tanah Abang,Kampung Bali
Jakarta Pusat,Tanah Abang,Karet Tengsin
Jakarta Pusat,Tanah Abang,Kebon Kacang
Jakarta Pusat,Tanah Abang,Kebon Melati
Jakarta Pusat,Tanah Abang,Petamburan
Jakarta Pusat,Johar Baru,Galur
Jakarta Pusat,Johar Baru,Johar Baru
Jakarta Pusat,Johar Baru,Kampung Rawa
Jakarta Pusat,Johar Baru,Tanah Tinggi
Jakarta Barat,Cengkareng,Cengkareng Barat
Jakarta Barat,Cengkareng,Cengkareng Timur
Jakarta Barat,Cengkareng,Duri Kosambi
Jakarta Barat,Cengkareng,Kapuk
Jakarta Barat,Cengkareng,Kedaung Kali Angke
Jakarta Barat,Cengkareng,Rawa Buaya
Jakarta Barat,Grogol Petamburan,Grogol
Jakarta Barat,Grogol Petamburan,Jelambar
Jakarta Barat,Grogol Petamburan,Jelambar Baru
Jakarta Barat,Grogol Petamburan,Tanjung Duren Selatan
Jakarta Barat,Grogol Petamburan,Tanjung Duren Utara
Jakarta Barat,Grogol Petamburan,Tomang
Jakarta Barat,Grogol Petamburan,Wijaya Kusuma
Jakarta Barat,Kalideres,Kalideres
Jakarta Barat,Kalideres,Kamal
Jakarta Barat,Kalideres,Pegadungan
Jakarta Barat,Kalideres,Semanan
Jakarta Barat,Kalideres,Tegal Alur
Jakarta Barat,Kebon Jeruk,Duri Kepa
Jakarta Barat,Kebon Jeruk,Kebon Jeruk
Jakarta Barat,Kebon Jeruk,Kedoya Selatan
Jakarta Barat,Kebon Jeruk,Kedoya Utara
Jakarta Barat,Kebon Jeruk,Kelapa Dua
Jakarta Barat,Kebon Jeruk,Sukabumi Selatan
Jakarta Barat,Kebon Jeruk,Sukabumi Utara
Jakarta Barat,Kembangan,Joglo
Jakarta Barat,Kembangan,Kembangan Selatan
Jakarta Barat,Kembangan,Kembangan Utara
Jakarta Barat,Kembangan,Meruya Selatan
Jakarta Barat,Kembangan,Meruya Utara
Jakarta Barat,Kembangan,Srengseng
Jakarta Barat,Palmerah,Jatipulo
Jakarta Barat,Palmerah,Kemanggisan
Jakarta Barat,Palmerah,Kota Bambu Selatan
Jakarta Barat,Palmerah,Kota Bambu Utara
Jakarta Barat,Palmerah,Palmerah
Jakarta Barat,Palmerah,Slipi
Jakarta Barat,Taman Sari,Glodok
Jakarta Barat,Taman Sari,Keagungan
Jakarta Barat,Taman Sari,Krukut
Jakarta Barat,Taman Sari,Mangga Besar
Jakarta Barat,Taman Sari,Maphar
Jakarta Barat,Taman Sari,Pinangsia
Jakarta Barat,Taman Sari,Taman Sari
Jakarta Barat,Taman Sari,Tangki
Jakarta Barat,Tambora,Angke
Jakarta Barat,Tambora,Duri Selatan
Jakarta Barat,Tambora,Duri Utara
Jakarta Barat,Tambora,Jembatan Besi
Jakarta Barat,Tambora,Jembatan Lima
Jakarta Barat,Tambora,Kali Anyar
Jakarta Barat,Tambora,Krendang
Jakarta Barat,Tambora,Pekojan
Jakarta Barat,Tambora,Roa Malaka
Jakarta Barat,Tambora,Tambora
Jakarta Barat,Tambora,Tanah Sereal
Jakarta Selatan,Cilandak,Cilandak Barat
Jakarta Selatan,Cilandak,Cipete Selatan
Jakarta Selatan,Cilandak,Gandaria Selatan
Jakarta Selatan,Cilandak,Lebak Bulus
Jakarta Selatan,Cilandak,Pondok Labu
Jakarta Selatan,Jagakarsa,Ciganjur
Jakarta Selatan,Jagakarsa,Cipedak
Jakarta Selatan,Jagakarsa,Jagakarsa
Jakarta Selatan,Jagakarsa,Lenteng Agung
Jakarta Selatan,Jagakarsa,Srengseng Sawah
Jakarta Selatan,Jagakarsa,Tanjung Barat
Jakarta Selatan,Kebayoran Baru,Cipete Utara
Jakarta Selatan,Kebayoran Baru,Gandaria Utara
Jakarta Selatan,Kebayoran Baru,Gunung
Jakarta Selatan,Kebayoran Baru,Kramat Pela
Jakarta Selatan,Kebayoran Baru,Melawai
Jakarta Selatan,Kebayoran Baru,Petogogan
Jakarta Selatan,Kebayoran Baru,Pulo
Jakarta Selatan,Kebayoran Baru,Rawa Barat
Jakarta Selatan,Kebayoran Baru,Selong
Jakarta Selatan,Kebayoran Baru,Senayan
Jakarta Selatan,Kebayoran Lama,Cipulir
Jakarta Selatan,Kebayoran Lama,Grogol Selatan
Jakarta Selatan,Kebayoran Lama,Grogol Utara
Jakarta Selatan,Kebayoran Lama,Kebayoran Lama Selatan
Jakarta Selatan,Kebayoran Lama,Kebayoran Lama Utara
Jakarta Selatan,Kebayoran Lama,Pondok Pinang
Jakarta Selatan,Mampang Prapatan,Bangka
Jakarta Selatan,Mampang Prapatan,Kuningan Barat
Jakarta Selatan,Mampang Prapatan,Mampang Prapatan
Jakarta Selatan,Mampang Prapatan,Pela Mampang
Jakarta Selatan,Mampang Prapatan,Tegal Parang
Jakarta Selatan,Pancoran,Cikoko
Jakarta Selatan,Pancoran,Duren Tiga
Jakarta Selatan,Pancoran,Kalibata
Jakarta Selatan,Pancoran,Pancoran
Jakarta Selatan,Pancoran,Pengadegan
Jakarta Selatan,Pancoran,Rawa Jati
Jakarta Selatan,Pasar Minggu,Cilandak Timur
Jakarta Selatan,Pasar Minggu,Jati Padang
Jakarta Selatan,Pasar Minggu,Kebagusan
Jakarta Selatan,Pasar Minggu,Pasar Minggu
Jakarta Selatan,Pasar Minggu,Pejaten Barat
Jakarta Selatan,Pasar Minggu,Pejaten Timur
Jakarta Selatan,Pasar Minggu,Ragunan
Jakarta Selatan,Pesanggrahan,Bintaro
Jakarta Selatan,Pesanggrahan,Pesanggrahan
Jakarta Selatan,Pesanggrahan,Petukangan Selatan
Jakarta Selatan,Pesanggrahan,Petukangan Utara
Jakarta Selatan,Pesanggrahan,Ulujami
Jakarta Selatan,Setiabudi,Guntur
Jakarta Selatan,Setiabudi,Karet
Jakarta Selatan,Setiabudi,Karet Kuningan
Jakarta Selatan,Setiabudi,Karet Semanggi
Jakarta Selatan,Setiabudi,Menteng Atas
Jakarta Selatan,Setiabudi,Pasar Manggis
Jakarta Selatan,Setiabudi,Setiabudi
Jakarta Selatan,Tebet,Bukit Duri
Jakarta Selatan,Tebet,Kebon Baru
Jakarta Selatan,Tebet,Manggarai
Jakarta Selatan,Tebet,Manggarai Selatan
Jakarta Selatan,Tebet,Menteng Dalam
Jakarta Selatan,Tebet,Tebet Barat
Jakarta Selatan,Tebet,Tebet Timur
Jakarta Timur,Cakung,Cakung Barat
Jakarta Timur,Cakung,Cakung Timur
Jakarta Timur,Cakung,Jatinegara
Jakarta Timur,Cakung,Penggilingan
Jakarta Timur,Cakung,Pulo Gebang
Jakarta Timur,Cakung,Rawa Terate
Jakarta Timur,Cakung,Ujung Menteng
Jakarta Timur,Cipayung,Bambu Apus
Jakarta Timur,Cipayung,Ceger
Jakarta Timur,Cipayung,Cilangkap
Jakarta Timur,Cipayung,Cipayung
Jakarta Timur,Cipayung,Lubang Buaya
Jakarta Timur,Cipayung,Munjul
Jakarta Timur,Cipayung,Pondok Ranggon
Jakarta Timur,Cipayung,Setu
Jakarta Timur,Ciracas,Cibubur
Jakarta Timur,Ciracas,Ciracas
Jakarta Timur,Ciracas,Kelapa Dua Wetan
Jakarta Timur,Ciracas,Rambutan
Jakarta Timur,Ciracas,Susukan
Jakarta Timur,Duren Sawit,Duren Sawit
Jakarta Timur,Duren Sawit,Klender
Jakarta Timur,Duren Sawit,Malaka Jaya
Jakarta Timur,Duren Sawit,Malaka Sari
Jakarta Timur,Duren Sawit,Pondok Bambu
Jakarta Timur,Duren Sawit,Pondok Kelapa
Jakarta Timur,Duren Sawit,Pondok Kopi
Jakarta Timur,Jatinegara,Bali Mester
Jakarta Timur,Jatinegara,Bidara Cina
Jakarta Timur,Jatinegara,Cipinang Besar Selatan
Jakarta Timur,Jatinegara,Cipinang Besar Utara
Jakarta Timur,Jatinegara,Cipinang Cempedak
Jakarta Timur,Jatinegara,Cipinang Muara
Jakarta Timur,Jatinegara,Kampung Melayu
Jakarta Timur,Jatinegara,Rawa Bunga
Jakarta Timur,Kramat Jati,Balekambang
Jakarta Timur,Kramat Jati,Batu Ampar
Jakarta Timur,Kramat Jati,Cawang
Jakarta Timur,Kramat Jati,Cililitan
Jakarta Timur,Kramat Jati,Dukuh
Jakarta Timur,Kramat Jati,Kramat Jati
Jakarta Timur,Kramat Jati,Tengah
Jakarta Timur,Makasar,Cipinang Melayu
Jakarta Timur,Makasar,Halim Perdana Kusuma
Jakarta Timur,Makasar,Kebon Pala
Jakarta Timur,Makasar,Makasar
Jakarta Timur,Makasar,Pinang Ranti
Jakarta Timur,Matraman,Kayu Manis
Jakarta Timur,Matraman,Kebon Manggis
Jakarta Timur,Matraman,Pal Meriam
Jakarta Timur,Matraman,Pisangan Baru
Jakarta Timur,Matraman,Utan Kayu Selatan
Jakarta Timur,Matraman,Utan Kayu Utara
Jakarta Timur,Pasar Rebo,Baru
Jakarta Timur,Pasar Rebo,Cijantung
Jakarta Timur,Pasar Rebo,Gedong
Jakarta Timur,Pasar Rebo,Kalisari
Jakarta Timur,Pasar Rebo,Pekayon
Jakarta Timur,Pulo Gadung,Jati
Jakarta Timur,Pulo Gadung,Jatinegara Kaum
Jakarta Timur,Pulo Gadung,Kayu Putih
Jakarta Timur,Pulo Gadung,Pisangan Timur
Jakarta Timur,Pulo Gadung,Pulo Gadung
Jakarta Timur,Pulo Gadung,Rawamangun
Jakarta Utara,Cilincing,Cilincing
Jakarta Utara,Cilincing,Kalibaru
Jakarta Utara,Cilincing,Marunda
Jakarta Utara,Cilincing,Rorotan
Jakarta Utara,Cilincing,Semper Barat
Jakarta Utara,Cilincing,Semper Timur
Jakarta Utara,Cilincing,Sukapura
Jakarta Utara,Kelapa Gading,Kelapa Gading Barat
Jakarta Utara,Kelapa Gading,Kelapa Gading Timur
Jakarta Utara,Kelapa Gading,Pegangsaan Dua
Jakarta Utara,Koja,Koja
Jakarta Utara,Koja,Lagoa
Jakarta Utara,Koja,Rawa Badak Selatan
Jakarta Utara,Koja,Rawa Badak Utara
Jakarta Utara,Koja,Tugu Selatan
Jakarta Utara,Koja,Tugu Utara
Jakarta Utara,Pademangan,Ancol
Jakarta Utara,Pademangan,Pademangan Barat
Jakarta Utara,Pademangan,Pademangan Timur
Jakarta Utara,Penjaringan,Kamal Muara
Jakarta Utara,Penjaringan,Kapuk Muara
Jakarta Utara,Penjaringan,Pejagalan
Jakarta Utara,Penjaringan,Penjaringan
Jakarta Utara,Penjaringan,Pluit
Jakarta Utara,Tanjung Priok,Kebon Bawang
Jakarta Utara,Tanjung Priok,Papanggo
Jakarta Utara,Tanjung Priok,Sunter Agung
Jakarta Utara,Tanjung Priok,Sunter Jaya
Jakarta Utara,Tanjung Priok,Tanjung Priok
Jakarta Utara,Tanjung Priok,Warakas
Kepulauan Seribu,Kepulauan Seribu Selatan,Pulau Pari
Kepulauan Seribu,Kepulauan Seribu Selatan,Pulau Tidung
Kepulauan Seribu,Kepulauan Seribu Selatan,Pulau Untung Jawa
Kepulauan Seribu,Kepulauan Seribu Utara,Pulau Harapan
Kepulauan Seribu,Kepulauan Seribu Utara,Pulau Kelapa
Kepulauan Seribu,Kepulauan Seribu Utara,Pulau Panggang
Jakarta Selatan,Setiabudi,Kuningan Timur
Jakarta Timur,Pulo Gadung,Cipinang
Jakarta Utara,Tanjung Priok,Sungai Bambu